URL_ID,positive_score,negative_score,polarity_score,subjectivity_score,avg_sentence_length,percentage_complex_words,fog_index,avg_words_per_sentence,complex_word_count,word_count,syllable_per_word,personal_pronouns,avg_word_length
bctech2073,0.05,0.0,0.05,0.5590909090909091,13.0,56.41025641025641,27.764102564102565,13.0,44,78,1.8974358974358974,0,5.794871794871795
bctech2074,0.19166666666666668,0.0,0.19166666666666668,0.5107142857142858,15.6,73.07692307692307,35.47076923076923,15.6,57,78,1.935897435897436,0,6.141025641025641
bctech2075,0.19999999999999998,0.0,0.19999999999999998,0.19999999999999998,16.2,67.90123456790124,33.6404938271605,16.2,55,81,2.074074074074074,0,5.9753086419753085
bctech2076,0.0,-0.08,-0.08,0.44000000000000006,15.0,68.0,33.2,15.0,51,75,2.2266666666666666,0,6.4
bctech2077,0.12,0.0,0.12,0.38,15.8,77.21518987341773,37.20607594936709,15.8,61,79,2.1139240506329116,0,6.063291139240507
